-- =====================================================
-- Mock Data Generated by Civic OS Mock Data Generator
-- Generated at: 2025-10-18T20:47:14.354Z
-- =====================================================

-- Insert mock data for civic_os_users
INSERT INTO "public"."civic_os_users" ("id", "display_name") VALUES
  ('ff1f8c76-0c89-4722-bb3c-7a2f56cdcac1', 'Bryan P.'),
  ('296ee3d9-b70c-472a-b17a-9072734d51f0', 'Robin W.'),
  ('9d2f7bc6-fc3e-462a-829e-ceb3c9e65213', 'Doreen S.'),
  ('93c78a1b-3002-4dca-bb40-807b1c4abefb', 'Simon D.'),
  ('37686a6a-a799-40f0-8332-33b852b9673a', 'Byron M.'),
  ('d5cf1beb-779b-4e41-87d7-9c6c41377c9e', 'Randolph M.'),
  ('d5dbfa03-5d4f-4835-8b85-e6d549070eec', 'Melissa B.'),
  ('932aff65-aaa3-4f25-89cb-558966efd8be', 'Noel P.'),
  ('558bab27-d9dd-46f3-a155-31f0f2a47d27', 'Ruben I.'),
  ('afe55b7a-231b-4c92-a887-c9fb8406dae4', 'Kari J.'),
  ('d8426af0-280d-409f-a5e5-462f3b26d897', 'Ivan H.'),
  ('2d64ebbc-08e5-4993-b9e1-b870a8c75393', 'Shelley G.'),
  ('c63e0f9d-bc41-4017-9dec-84d76a24b6b8', 'Pete B.'),
  ('d359cd0b-7e9c-4b3e-9362-a4a9f9135820', 'Orlando H.'),
  ('97c821f6-4f41-4129-b915-ae213a0eed5a', 'Freda I.');

-- Insert mock data for civic_os_users_private
INSERT INTO "public"."civic_os_users_private" ("id", "display_name", "email", "phone") VALUES
  ('ff1f8c76-0c89-4722-bb3c-7a2f56cdcac1', 'Bryan Pacocha', 'bryan.pacocha@hotmail.com', '769-170-4990'),
  ('296ee3d9-b70c-472a-b17a-9072734d51f0', 'Robin Wolf', 'robin_wolf16@gmail.com', '750-693-6106'),
  ('9d2f7bc6-fc3e-462a-829e-ceb3c9e65213', 'Doreen Schmitt', 'doreen_schmitt52@hotmail.com', '032-109-6604'),
  ('93c78a1b-3002-4dca-bb40-807b1c4abefb', 'Simon Davis', 'simon_davis@yahoo.com', '730-185-3746'),
  ('37686a6a-a799-40f0-8332-33b852b9673a', 'Byron McDermott', 'byron_mcdermott38@yahoo.com', '881-454-2675'),
  ('d5cf1beb-779b-4e41-87d7-9c6c41377c9e', 'Randolph Monahan', 'randolph.monahan@gmail.com', '778-350-8784'),
  ('d5dbfa03-5d4f-4835-8b85-e6d549070eec', 'Melissa Bosco', 'melissa_bosco12@gmail.com', '829-527-2061'),
  ('932aff65-aaa3-4f25-89cb-558966efd8be', 'Noel Predovic', 'noel_predovic84@yahoo.com', '900-764-2550'),
  ('558bab27-d9dd-46f3-a155-31f0f2a47d27', 'Ruben Littel I', 'ruben.i@gmail.com', '882-994-8642'),
  ('afe55b7a-231b-4c92-a887-c9fb8406dae4', 'Mrs. Kari Johnson-Haley', 'mrs._johnson-haley19@yahoo.com', '826-103-7456'),
  ('d8426af0-280d-409f-a5e5-462f3b26d897', 'Ivan Hyatt-West', 'ivan_hyatt-west66@gmail.com', '818-521-6835'),
  ('2d64ebbc-08e5-4993-b9e1-b870a8c75393', 'Ms. Shelley Greenfelder', 'ms._greenfelder35@hotmail.com', '611-345-4568'),
  ('c63e0f9d-bc41-4017-9dec-84d76a24b6b8', 'Pete Brown', 'pete_brown@yahoo.com', '119-602-8468'),
  ('d359cd0b-7e9c-4b3e-9362-a4a9f9135820', 'Dr. Orlando Hilpert', 'dr.hilpert97@hotmail.com', '480-082-8846'),
  ('97c821f6-4f41-4129-b915-ae213a0eed5a', 'Freda Schowalter I', 'freda_i@gmail.com', '787-661-0683');

-- Insert mock data for WorkPackage
INSERT INTO "public"."WorkPackage" ("display_name", "quote_due_date", "status", "cost") VALUES
  ('Q4 2025 road repairs - West Katelyn', '2025-09-20T00:28:24.710Z', '5', '21884.75'),
  ('Q1 2024 road repairs - East Houstonburgh', '2025-09-30T11:03:20.007Z', NULL, '56722.79');

-- Insert mock data for Bid
INSERT INTO "public"."Bid" ("display_name", "company_email", "owner", "work_start_date", "contact_phone", "work_end_date", "work_package", "total_cost") VALUES
  ('Kovacek, Dibbert and Schmeler proposal', 'oreillygorczany@example.com', 'ff1f8c76-0c89-4722-bb3c-7a2f56cdcac1', '2025-10-01', '8118698322', '2025-10-03', 1, '2079.25'),
  ('Cummerata, Hintz and Ruecker proposal', 'terryjenkins@example.com', 'd8426af0-280d-409f-a5e5-462f3b26d897', '2025-10-05', '6669671235', '2025-09-23', 1, '54861.99'),
  ('Huels - Gleichner proposal', 'schinnerwill@example.com', 'd8426af0-280d-409f-a5e5-462f3b26d897', '2025-09-23', '4858938663', '2025-10-11', 2, '83577.69'),
  ('Schiller Inc proposal', 'murphymckenzieandwhite@example.com', '932aff65-aaa3-4f25-89cb-558966efd8be', '2025-09-19', NULL, '2025-09-27', 1, '52419.05'),
  ('Streich - Goyette proposal', 'stoltenbergschumm@example.com', 'c63e0f9d-bc41-4017-9dec-84d76a24b6b8', '2025-10-02', '8277532201', '2025-10-09', 2, '21069.85'),
  ('Green - Kutch proposal', 'satterfieldhartmannandtremblay@example.com', '2d64ebbc-08e5-4993-b9e1-b870a8c75393', '2025-10-08', '1685709244', '2025-10-15', 1, '70577.02'),
  ('Miller, Hoppe and Marks proposal', 'champlinschultz@example.com', '932aff65-aaa3-4f25-89cb-558966efd8be', '2025-10-09', '7585787166', '2025-10-03', 2, '84408.63'),
  ('Barrows, Zemlak and Schultz proposal', 'schultzbahringer@example.com', '97c821f6-4f41-4129-b915-ae213a0eed5a', '2025-10-17', '3252187888', '2025-10-13', 2, '32226.38'),
  ('Heaney - Feeney proposal', 'kunzeschadenandnitzsche@example.com', '93c78a1b-3002-4dca-bb40-807b1c4abefb', '2025-10-10', NULL, '2025-10-15', 2, '74370.55'),
  ('Rohan, Padberg and Schimmel proposal', 'collierllc@example.com', 'd359cd0b-7e9c-4b3e-9362-a4a9f9135820', '2025-10-17', '1703028096', '2025-10-06', 1, '81764.89');

-- Insert mock data for Issue
INSERT INTO "public"."Issue" ("description", "contact_email", "display_name", "contact_phone", "severity_level", "status", "created_user", "location") VALUES
  ('Victoria aetas terreo ultio acervus. Autus reiciendis unde demo. Atqui sum spectaculum colo provident candidus ceno tego.', 'Bernadine_Batz93@gmail.com', 'Large road damage on Ledner Cliffs', '1974046847', 2, '7', 'd5cf1beb-779b-4e41-87d7-9c6c41377c9e', 'SRID=4326;POINT(-83.705566 43.051872)'),
  ('Asporto vito perspiciatis candidus textor dolorum. Vulgivagus delego architecto vestigium suffoco soleo harum eos. Tondeo spero asper.', NULL, 'Large pavement damage on Hillside Close', '2700601686', 2, '5', 'd5cf1beb-779b-4e41-87d7-9c6c41377c9e', 'SRID=4326;POINT(-83.659987 43.002968)'),
  ('Cupiditas ustulo universe est ventosus recusandae deprimo est spectaculum uberrime. Cattus quisquam totam molestias amplexus in texo. Deficio ubi appositus arma thorax.', 'Maryam_Spencer19@hotmail.com', 'Severe pothole on Commerce Street', '8261426300', NULL, '8', 'd5dbfa03-5d4f-4835-8b85-e6d549070eec', 'SRID=4326;POINT(-83.683836 43.013136)'),
  ('Careo caelum torqueo summa. Summopere denique vereor delinquo candidus decerno. Capillus virtus quidem comburo.', NULL, 'Medium pothole on W 7th Street', '1274261073', NULL, '4', 'c63e0f9d-bc41-4017-9dec-84d76a24b6b8', 'SRID=4326;POINT(-83.755015 43.038804)'),
  ('Beneficium harum quaerat. Sublime dignissimos ademptio bos sufficio defessus caries ipsa aliquid demitto. Candidus cur testimonium universe caritas conqueror rerum argentum sollicito.', 'Kameron64@yahoo.com', 'Small pavement damage on Wehner Lane', NULL, 3, '2', '2d64ebbc-08e5-4993-b9e1-b870a8c75393', 'SRID=4326;POINT(-83.72552 43.068176)'),
  (NULL, 'Kacey0@yahoo.com', 'Medium broken asphalt on E 11th Street', '8813086768', 1, '6', '97c821f6-4f41-4129-b915-ae213a0eed5a', 'SRID=4326;POINT(-83.707445 42.99517)'),
  ('Congregatio cohaero crustulum somniculosus triumphus balbus terreo. Usus cruentus adeo crux tempus color spero alii attollo. Debilito demum tergo ad.', 'Armando_Streich31@gmail.com', 'Large road damage on The Grove', '3513228090', NULL, '8', '558bab27-d9dd-46f3-a155-31f0f2a47d27', 'SRID=4326;POINT(-83.690391 43.062899)'),
  ('Spes tabgo video quibusdam minima coniuratio stultus apto concido dolores. Sumo curatio quibusdam curiositas vel conforto deorsum taedium sint. Et accedo surgo.', NULL, 'Small pothole on Kobe Glen', '2198785056', 5, '4', 'c63e0f9d-bc41-4017-9dec-84d76a24b6b8', 'SRID=4326;POINT(-83.669051 43.052695)'),
  ('Libero vulticulus neque clarus. Tum vesper abduco cogito ipsum abeo crapula bos centum taceo. Rerum consequuntur acer carbo vesco supplanto placeat.', 'Davon_Ullrich26@gmail.com', 'Large crack on W Washington Avenue', '2242287249', 4, '3', '558bab27-d9dd-46f3-a155-31f0f2a47d27', 'SRID=4326;POINT(-83.685067 42.997373)'),
  ('Anser desino tempus spero ullam amoveo atrox templum ultio cometes. Nihil peior amo capio. Corporis tergum vae aliquid necessitatibus usque alienus.', NULL, 'Large broken asphalt on West Road', '4403917382', 4, '6', '558bab27-d9dd-46f3-a155-31f0f2a47d27', 'SRID=4326;POINT(-83.712973 42.985699)'),
  ('Spiculum solvo volup. Socius accommodo coerceo et nemo defleo. Copiose antepono attollo defluo nemo.', NULL, 'Small pothole on Treutel Green', '1442176787', 1, '1', '93c78a1b-3002-4dca-bb40-807b1c4abefb', 'SRID=4326;POINT(-83.714291 42.983088)'),
  (NULL, 'Alexanne.Ullrich34@yahoo.com', 'Medium crack on 15th Street', '5826108898', 5, '6', '37686a6a-a799-40f0-8332-33b852b9673a', 'SRID=4326;POINT(-83.735017 43.048686)'),
  (NULL, NULL, 'Medium pothole on Park View', NULL, NULL, '5', '558bab27-d9dd-46f3-a155-31f0f2a47d27', 'SRID=4326;POINT(-83.756563 43.002024)'),
  ('Terminatio clibanus brevis abduco creber appello tyrannus. Tempora votum demens provident synagoga tametsi. Utique perferendis expedita deripio animi calco.', 'Hortense_Roberts@hotmail.com', 'Severe pavement damage on Mill Lane', NULL, NULL, '5', '296ee3d9-b70c-472a-b17a-9072734d51f0', 'SRID=4326;POINT(-83.663597 42.985944)'),
  ('Coaegresco tergiversatio tener. Unde adhaero temptatio virgo. Constans ceno fugiat tendo carbo sint alienus.', NULL, 'Large road damage on Howe Crossroad', '4810664122', 1, '5', '296ee3d9-b70c-472a-b17a-9072734d51f0', 'SRID=4326;POINT(-83.694145 42.984698)'),
  ('Amitto vitae tamen aspernatur usque. Distinctio spiculum audentia caute assentator alienus thymbra calcar. Vilitas damno voluptate.', 'Lois_Quitzon72@yahoo.com', 'Medium broken asphalt on Broad Lane', '0619217168', 4, '2', 'afe55b7a-231b-4c92-a887-c9fb8406dae4', 'SRID=4326;POINT(-83.668115 42.998387)'),
  ('Dedecor auxilium utilis. Commodo quia deputo cedo spargo. Aiunt unde quibusdam theca turba baiulus solium.', NULL, 'Medium road damage on Wintheiser Hill', '6882110861', 2, '3', '37686a6a-a799-40f0-8332-33b852b9673a', 'SRID=4326;POINT(-83.748037 43.095222)'),
  ('Adsum arto combibo caterva aspernatur delego victoria circumvenio urbanus quod. Subvenio aiunt creptio ascit. Causa tardus asper denuo taceo auditor pecus.', NULL, 'Large road damage on Bradtke Glens', '0422480748', NULL, '2', '296ee3d9-b70c-472a-b17a-9072734d51f0', 'SRID=4326;POINT(-83.714959 42.986528)'),
  (NULL, 'Abigail_Cole80@yahoo.com', 'Large broken asphalt on The Poplars', '3056925414', 3, '3', '558bab27-d9dd-46f3-a155-31f0f2a47d27', 'SRID=4326;POINT(-83.746059 43.070072)'),
  ('Similique in subnecto creator sui certe bellum excepturi. Cervus tutamen spargo ullam subito corona depono. Recusandae theologus culpo abscido balbus adeo hic volva adsuesco somniculosus.', NULL, 'Severe crack on Clare Glen', '6303702104', NULL, '3', '558bab27-d9dd-46f3-a155-31f0f2a47d27', 'SRID=4326;POINT(-83.747227 43.002812)'),
  ('Aveho tero adeptio adduco cibo sol aqua creptio bardus aeneus. Cibus cerno est combibo. Vulnus timidus cunae stella tabgo viduo comburo aufero ambulo.', NULL, 'Small crack on Smitham Shoals', '6566416564', NULL, '6', '2d64ebbc-08e5-4993-b9e1-b870a8c75393', 'SRID=4326;POINT(-83.686899 43.084179)'),
  ('Valde tametsi timidus cuppedia catena ea alo comparo occaecati. Bellum cognatus benevolentia terreo. Vetus cogito articulus aperio aegre deleo sono adopto ait sustineo.', 'Rolando.Haag65@hotmail.com', 'Small pothole on College Street', NULL, 1, '8', '558bab27-d9dd-46f3-a155-31f0f2a47d27', 'SRID=4326;POINT(-83.657521 43.064431)'),
  (NULL, 'Manuela19@yahoo.com', 'Small pothole on S Washington Street', '3665419544', NULL, '3', '97c821f6-4f41-4129-b915-ae213a0eed5a', 'SRID=4326;POINT(-83.749211 43.050961)'),
  ('Ducimus virtus tepidus attollo. Bellum comburo odit canis. Vetus vestrum attero turba.', 'Maxine_Willms@gmail.com', 'Severe pavement damage on Eliza Shores', '6835906847', NULL, '8', 'afe55b7a-231b-4c92-a887-c9fb8406dae4', 'SRID=4326;POINT(-83.746862 43.023726)'),
  (NULL, 'Mayra.Rath27@hotmail.com', 'Small crack on Johns Island', '8385294286', 4, '4', 'd5cf1beb-779b-4e41-87d7-9c6c41377c9e', 'SRID=4326;POINT(-83.7126 43.077128)');

-- Insert mock data for WorkDetail
INSERT INTO "public"."WorkDetail" ("display_name", "issue", "added_by") VALUES
  ('Documented material requirements and cost estimate', 11, '558bab27-d9dd-46f3-a155-31f0f2a47d27'),
  ('Documented repair area and estimated labor hours', 17, '93c78a1b-3002-4dca-bb40-807b1c4abefb'),
  ('Assessed material requirements and cost estimate', 12, '97c821f6-4f41-4129-b915-ae213a0eed5a'),
  ('Inspected structural integrity and safety concerns', 9, 'd5cf1beb-779b-4e41-87d7-9c6c41377c9e'),
  ('Reviewed structural integrity and safety concerns', 12, 'd8426af0-280d-409f-a5e5-462f3b26d897'),
  ('Assessed structural integrity and safety concerns', 12, '97c821f6-4f41-4129-b915-ae213a0eed5a'),
  ('Measured damage extent and recommended materials', 19, 'afe55b7a-231b-4c92-a887-c9fb8406dae4'),
  ('Inspected repair area and estimated labor hours', 16, '558bab27-d9dd-46f3-a155-31f0f2a47d27'),
  ('Reviewed damage extent and recommended materials', 3, '97c821f6-4f41-4129-b915-ae213a0eed5a'),
  ('Assessed repair area and estimated labor hours', 17, '93c78a1b-3002-4dca-bb40-807b1c4abefb'),
  ('Documented structural integrity and safety concerns', 9, 'd5dbfa03-5d4f-4835-8b85-e6d549070eec'),
  ('Documented surface condition and preparation needs', 23, '296ee3d9-b70c-472a-b17a-9072734d51f0'),
  ('Inspected damage extent and recommended materials', 11, '932aff65-aaa3-4f25-89cb-558966efd8be'),
  ('Documented damage extent and recommended materials', 17, 'ff1f8c76-0c89-4722-bb3c-7a2f56cdcac1'),
  ('Measured damage extent and recommended materials', 2, '93c78a1b-3002-4dca-bb40-807b1c4abefb'),
  ('Measured material requirements and cost estimate', 5, 'c63e0f9d-bc41-4017-9dec-84d76a24b6b8'),
  ('Measured structural integrity and safety concerns', 17, 'd8426af0-280d-409f-a5e5-462f3b26d897'),
  ('Documented damage extent and recommended materials', 16, '296ee3d9-b70c-472a-b17a-9072734d51f0'),
  ('Inspected structural integrity and safety concerns', 19, 'afe55b7a-231b-4c92-a887-c9fb8406dae4'),
  ('Reviewed damage extent and recommended materials', 11, 'c63e0f9d-bc41-4017-9dec-84d76a24b6b8'),
  ('Documented surface condition and preparation needs', 22, 'd359cd0b-7e9c-4b3e-9362-a4a9f9135820'),
  ('Measured surface condition and preparation needs', 4, '558bab27-d9dd-46f3-a155-31f0f2a47d27'),
  ('Documented damage extent and recommended materials', 1, 'd5cf1beb-779b-4e41-87d7-9c6c41377c9e'),
  ('Measured structural integrity and safety concerns', 24, '93c78a1b-3002-4dca-bb40-807b1c4abefb'),
  ('Inspected surface condition and preparation needs', 9, 'ff1f8c76-0c89-4722-bb3c-7a2f56cdcac1'),
  ('Assessed damage extent and recommended materials', 10, 'd5dbfa03-5d4f-4835-8b85-e6d549070eec'),
  ('Assessed repair area and estimated labor hours', 24, 'd359cd0b-7e9c-4b3e-9362-a4a9f9135820'),
  ('Inspected structural integrity and safety concerns', 19, '558bab27-d9dd-46f3-a155-31f0f2a47d27'),
  ('Inspected surface condition and preparation needs', 19, '93c78a1b-3002-4dca-bb40-807b1c4abefb'),
  ('Inspected repair area and estimated labor hours', 10, '932aff65-aaa3-4f25-89cb-558966efd8be'),
  ('Assessed damage extent and recommended materials', 16, '296ee3d9-b70c-472a-b17a-9072734d51f0'),
  ('Assessed damage extent and recommended materials', 9, 'c63e0f9d-bc41-4017-9dec-84d76a24b6b8'),
  ('Inspected repair area and estimated labor hours', 9, '2d64ebbc-08e5-4993-b9e1-b870a8c75393'),
  ('Reviewed material requirements and cost estimate', 24, 'd5cf1beb-779b-4e41-87d7-9c6c41377c9e'),
  ('Inspected structural integrity and safety concerns', 19, '93c78a1b-3002-4dca-bb40-807b1c4abefb'),
  ('Measured damage extent and recommended materials', 5, '9d2f7bc6-fc3e-462a-829e-ceb3c9e65213'),
  ('Documented surface condition and preparation needs', 16, 'afe55b7a-231b-4c92-a887-c9fb8406dae4'),
  ('Documented structural integrity and safety concerns', 25, '296ee3d9-b70c-472a-b17a-9072734d51f0'),
  ('Measured structural integrity and safety concerns', 2, 'afe55b7a-231b-4c92-a887-c9fb8406dae4'),
  ('Reviewed repair area and estimated labor hours', 10, 'd5dbfa03-5d4f-4835-8b85-e6d549070eec'),
  ('Inspected structural integrity and safety concerns', 10, '932aff65-aaa3-4f25-89cb-558966efd8be'),
  ('Inspected material requirements and cost estimate', 10, 'd5dbfa03-5d4f-4835-8b85-e6d549070eec'),
  ('Inspected structural integrity and safety concerns', 4, 'd5cf1beb-779b-4e41-87d7-9c6c41377c9e'),
  ('Assessed damage extent and recommended materials', 11, 'ff1f8c76-0c89-4722-bb3c-7a2f56cdcac1'),
  ('Inspected material requirements and cost estimate', 19, 'd8426af0-280d-409f-a5e5-462f3b26d897'),
  ('Inspected structural integrity and safety concerns', 24, '9d2f7bc6-fc3e-462a-829e-ceb3c9e65213'),
  ('Assessed structural integrity and safety concerns', 6, 'afe55b7a-231b-4c92-a887-c9fb8406dae4'),
  ('Measured surface condition and preparation needs', 18, 'ff1f8c76-0c89-4722-bb3c-7a2f56cdcac1'),
  ('Inspected surface condition and preparation needs', 15, 'd5dbfa03-5d4f-4835-8b85-e6d549070eec'),
  ('Reviewed surface condition and preparation needs', 25, 'd5dbfa03-5d4f-4835-8b85-e6d549070eec');

-- Insert mock data for issue_tags
INSERT INTO "public"."issue_tags" ("issue_id", "tag_id") VALUES
  (4, 2),
  (22, 1),
  (3, 5),
  (8, 2),
  (12, 7),
  (25, 6),
  (18, 4),
  (25, 5),
  (15, 7),
  (24, 5),
  (20, 3),
  (19, 3),
  (16, 5),
  (14, 7),
  (6, 1),
  (8, 3),
  (18, 7),
  (22, 3),
  (4, 7),
  (6, 5),
  (22, 4),
  (19, 8),
  (4, 6),
  (17, 8),
  (14, 3),
  (23, 1),
  (3, 1),
  (9, 3),
  (13, 6),
  (11, 2),
  (16, 8),
  (21, 7),
  (13, 4),
  (16, 6),
  (5, 5),
  (4, 4),
  (1, 6),
  (25, 1),
  (10, 6),
  (11, 6),
  (9, 4),
  (18, 5),
  (22, 8),
  (3, 2),
  (17, 1),
  (4, 1),
  (18, 3),
  (12, 6),
  (16, 2),
  (11, 3),
  (9, 6),
  (9, 2),
  (13, 3),
  (16, 3),
  (14, 1),
  (16, 7),
  (10, 5),
  (2, 5),
  (6, 3),
  (7, 6),
  (8, 5),
  (7, 2),
  (25, 2),
  (8, 8),
  (24, 7),
  (21, 2),
  (5, 8),
  (10, 4),
  (2, 7),
  (22, 6),
  (12, 8),
  (10, 3),
  (18, 1),
  (17, 5),
  (2, 2);

-- Notify PostgREST to reload schema cache
NOTIFY pgrst, 'reload schema';
