-- =====================================================
-- Mock Data Generated by Civic OS Mock Data Generator
-- Generated at: 2025-10-11T16:16:40.696Z
-- =====================================================

-- Insert mock data for civic_os_users
INSERT INTO "public"."civic_os_users" ("id", "display_name") VALUES
  ('dfa02441-5eae-42a8-b06c-be48fcd701a1', 'Ana H.'),
  ('7ad37d50-a4f3-4b11-a8d9-4151516737b9', 'Kurt F.'),
  ('08f2fefc-903f-4835-b3a1-e692931353a0', 'Randy F.'),
  ('8d1af864-5151-4da4-9945-e757c0d46134', 'Loren W.'),
  ('834f5173-a5bb-4e48-a4cf-939bb64b6c9c', 'Ann G.'),
  ('d7402c69-8903-4a5f-a251-51536432a2a9', 'Madeline B.'),
  ('b6b64bca-c7c5-407a-b7f8-c2e7da44b4e2', 'Troy R.'),
  ('0f1a7f38-bcb4-4c24-8a41-e7c255d2194e', 'Hubert G.'),
  ('35cdce4f-6b50-45b7-858d-1fefd6d840cb', 'Kelly C.'),
  ('ce2dff7d-9c75-4ae6-a869-18793b63c5d0', 'Verna B.'),
  ('a44770f6-9464-4f1d-981c-ab045c67bb04', 'Emanuel A.'),
  ('46c59b8a-a121-4212-af4d-d3f28cbc03c9', 'Ira T.'),
  ('fc227652-afb3-4a18-a341-ef011680e232', 'Shannon S.'),
  ('c737a1d0-d458-4b53-a6a4-e004832c0399', 'Viola L.'),
  ('5f7ceee9-79b9-4807-99d4-7f743d9753af', 'Harriet W.');

-- Insert mock data for civic_os_users_private
INSERT INTO "public"."civic_os_users_private" ("id", "display_name", "email", "phone") VALUES
  ('dfa02441-5eae-42a8-b06c-be48fcd701a1', 'Ana Heaney', 'ana_heaney@gmail.com', '595-228-5304'),
  ('7ad37d50-a4f3-4b11-a8d9-4151516737b9', 'Kurt Frami', 'kurt.frami@yahoo.com', '712-991-1914'),
  ('08f2fefc-903f-4835-b3a1-e692931353a0', 'Randy Fadel', 'randy_fadel@hotmail.com', '765-307-5208'),
  ('8d1af864-5151-4da4-9945-e757c0d46134', 'Loren Weissnat', 'loren.weissnat50@yahoo.com', '028-129-6805'),
  ('834f5173-a5bb-4e48-a4cf-939bb64b6c9c', 'Ann Gusikowski', 'ann_gusikowski72@hotmail.com', '139-949-7748'),
  ('d7402c69-8903-4a5f-a251-51536432a2a9', 'Ms. Madeline Bosco', 'ms._bosco@yahoo.com', '328-845-1493'),
  ('b6b64bca-c7c5-407a-b7f8-c2e7da44b4e2', 'Troy Ratke', 'troy.ratke@gmail.com', '264-759-3703'),
  ('0f1a7f38-bcb4-4c24-8a41-e7c255d2194e', 'Hubert Goodwin', 'hubert.goodwin@hotmail.com', '959-582-0365'),
  ('35cdce4f-6b50-45b7-858d-1fefd6d840cb', 'Kelly Crist', 'kelly_crist65@yahoo.com', '005-670-3423'),
  ('ce2dff7d-9c75-4ae6-a869-18793b63c5d0', 'Verna Bayer-Labadie', 'verna_bayer-labadie@yahoo.com', '422-830-6561'),
  ('a44770f6-9464-4f1d-981c-ab045c67bb04', 'Mr. Emanuel Anderson', 'mr.anderson@hotmail.com', '385-675-0611'),
  ('46c59b8a-a121-4212-af4d-d3f28cbc03c9', 'Ira Toy', 'ira.toy65@hotmail.com', '085-443-1796'),
  ('fc227652-afb3-4a18-a341-ef011680e232', 'Shannon Schmidt', 'shannon.schmidt36@yahoo.com', '927-662-9950'),
  ('c737a1d0-d458-4b53-a6a4-e004832c0399', 'Viola Lehner', 'viola_lehner@hotmail.com', '619-364-2231'),
  ('5f7ceee9-79b9-4807-99d4-7f743d9753af', 'Harriet Wilderman', 'harriet_wilderman89@hotmail.com', '500-003-4159');

-- Insert mock data for WorkPackage
INSERT INTO "public"."WorkPackage" ("display_name", "quote_due_date", "status") VALUES
  ('Q4 2025 road repairs - Lake Annette', '2025-09-13T09:05:54.235Z', '3'),
  ('Winter 2025 road repairs - Port Haleighborough', '2025-09-18T04:20:34.544Z', '4');

-- Insert mock data for Bid
INSERT INTO "public"."Bid" ("display_name", "owner", "work_start_date", "work_end_date", "work_package", "total_cost") VALUES
  ('Stehr, Harris and Schmitt proposal', '08f2fefc-903f-4835-b3a1-e692931353a0', '2025-10-08', '2025-10-08', 2, '30702.69'),
  ('Sanford LLC proposal', 'ce2dff7d-9c75-4ae6-a869-18793b63c5d0', '2025-09-20', '2025-09-15', 2, '49078.35'),
  ('Lemke and Sons proposal', 'dfa02441-5eae-42a8-b06c-be48fcd701a1', '2025-09-19', '2025-09-29', 1, '70550.69'),
  ('Pouros - Aufderhar proposal', '0f1a7f38-bcb4-4c24-8a41-e7c255d2194e', '2025-09-14', '2025-10-03', 2, '48583.15'),
  ('Jakubowski, Pouros and Wunsch proposal', 'c737a1d0-d458-4b53-a6a4-e004832c0399', '2025-09-29', '2025-09-22', 2, '79262.05'),
  ('Fahey, Lockman and Ortiz proposal', '08f2fefc-903f-4835-b3a1-e692931353a0', '2025-09-30', '2025-09-30', 2, '86558.09'),
  ('Bechtelar and Sons proposal', 'c737a1d0-d458-4b53-a6a4-e004832c0399', '2025-09-20', '2025-09-30', 2, '92345.69'),
  ('Lang - Smitham proposal', 'fc227652-afb3-4a18-a341-ef011680e232', '2025-09-25', '2025-10-02', 1, '31332.20'),
  ('Hermiston LLC proposal', 'dfa02441-5eae-42a8-b06c-be48fcd701a1', '2025-09-12', '2025-09-29', 1, '92498.50'),
  ('Kassulke, Tromp and Hills proposal', 'd7402c69-8903-4a5f-a251-51536432a2a9', '2025-10-03', '2025-09-19', 2, '87971.17');

-- Insert mock data for Issue
INSERT INTO "public"."Issue" ("display_name", "status", "created_user", "work_package", "location") VALUES
  ('Medium road damage on Coleman Lane', '5', '0f1a7f38-bcb4-4c24-8a41-e7c255d2194e', 2, 'SRID=4326;POINT(-83.714515 42.999646)'),
  ('Large pavement damage on Alexzander Keys', '3', 'a44770f6-9464-4f1d-981c-ab045c67bb04', 2, 'SRID=4326;POINT(-83.720967 43.013964)'),
  ('Small broken asphalt on Milton Street', '7', '46c59b8a-a121-4212-af4d-d3f28cbc03c9', 1, 'SRID=4326;POINT(-83.753378 43.092543)'),
  ('Medium crack on Jamaal Crest', '6', '8d1af864-5151-4da4-9945-e757c0d46134', NULL, 'SRID=4326;POINT(-83.715243 43.010799)'),
  ('Large road damage on Stracke Village', '8', '46c59b8a-a121-4212-af4d-d3f28cbc03c9', NULL, 'SRID=4326;POINT(-83.667427 42.995005)'),
  ('Medium road damage on Richard Roads', '7', 'c737a1d0-d458-4b53-a6a4-e004832c0399', 2, 'SRID=4326;POINT(-83.670431 43.074646)'),
  ('Large broken asphalt on Purdy Vista', '4', '7ad37d50-a4f3-4b11-a8d9-4151516737b9', 1, 'SRID=4326;POINT(-83.663167 43.05344)'),
  ('Medium crack on Old Road', '4', 'c737a1d0-d458-4b53-a6a4-e004832c0399', 1, 'SRID=4326;POINT(-83.683346 43.029021)'),
  ('Severe broken asphalt on Hawthorn Close', '7', 'a44770f6-9464-4f1d-981c-ab045c67bb04', NULL, 'SRID=4326;POINT(-83.709187 43.047723)'),
  ('Medium pavement damage on Hazle Island', '6', '5f7ceee9-79b9-4807-99d4-7f743d9753af', 1, 'SRID=4326;POINT(-83.728958 43.047105)'),
  ('Severe pavement damage on 12th Street', '4', 'b6b64bca-c7c5-407a-b7f8-c2e7da44b4e2', NULL, 'SRID=4326;POINT(-83.697604 42.976433)'),
  ('Medium pothole on Herman Squares', '6', '8d1af864-5151-4da4-9945-e757c0d46134', 2, 'SRID=4326;POINT(-83.718024 43.013559)'),
  ('Small pothole on Springfield Road', '6', 'd7402c69-8903-4a5f-a251-51536432a2a9', 1, 'SRID=4326;POINT(-83.723803 43.089304)'),
  ('Large pavement damage on Ozella Keys', '4', 'a44770f6-9464-4f1d-981c-ab045c67bb04', 2, 'SRID=4326;POINT(-83.68275 43.086273)'),
  ('Large crack on Bins Gardens', '6', '0f1a7f38-bcb4-4c24-8a41-e7c255d2194e', 2, 'SRID=4326;POINT(-83.667106 43.002802)'),
  ('Small broken asphalt on Trantow Walks', '5', 'b6b64bca-c7c5-407a-b7f8-c2e7da44b4e2', 1, 'SRID=4326;POINT(-83.739794 43.032103)'),
  ('Medium pothole on Alberto Greens', '8', 'd7402c69-8903-4a5f-a251-51536432a2a9', NULL, 'SRID=4326;POINT(-83.700697 43.034438)'),
  ('Large broken asphalt on Ena Lodge', '8', '834f5173-a5bb-4e48-a4cf-939bb64b6c9c', NULL, 'SRID=4326;POINT(-83.716952 43.017823)'),
  ('Severe broken asphalt on Clinton Street', '1', '46c59b8a-a121-4212-af4d-d3f28cbc03c9', 2, 'SRID=4326;POINT(-83.691813 43.05614)'),
  ('Medium crack on E Broadway Street', '2', 'a44770f6-9464-4f1d-981c-ab045c67bb04', NULL, 'SRID=4326;POINT(-83.733888 43.014035)'),
  ('Severe crack on S Maple Street', '2', 'd7402c69-8903-4a5f-a251-51536432a2a9', 1, 'SRID=4326;POINT(-83.747223 43.082782)'),
  ('Small broken asphalt on Tremblay Forest', '4', 'dfa02441-5eae-42a8-b06c-be48fcd701a1', NULL, 'SRID=4326;POINT(-83.765741 43.00053)'),
  ('Small road damage on Satterfield Brook', '2', '7ad37d50-a4f3-4b11-a8d9-4151516737b9', 2, 'SRID=4326;POINT(-83.753931 43.00745)'),
  ('Large broken asphalt on Mitchell Gardens', '7', '834f5173-a5bb-4e48-a4cf-939bb64b6c9c', 1, 'SRID=4326;POINT(-83.747985 43.018197)'),
  ('Large road damage on N Oak Street', '8', 'dfa02441-5eae-42a8-b06c-be48fcd701a1', 2, 'SRID=4326;POINT(-83.746115 42.985161)');

-- Insert mock data for WorkDetail
INSERT INTO "public"."WorkDetail" ("display_name", "issue", "added_by") VALUES
  ('Assessed repair area and estimated labor hours', 10, 'b6b64bca-c7c5-407a-b7f8-c2e7da44b4e2'),
  ('Measured structural integrity and safety concerns', 22, 'fc227652-afb3-4a18-a341-ef011680e232'),
  ('Documented damage extent and recommended materials', 12, '7ad37d50-a4f3-4b11-a8d9-4151516737b9'),
  ('Assessed damage extent and recommended materials', 9, 'b6b64bca-c7c5-407a-b7f8-c2e7da44b4e2'),
  ('Documented structural integrity and safety concerns', 10, '0f1a7f38-bcb4-4c24-8a41-e7c255d2194e'),
  ('Reviewed structural integrity and safety concerns', 9, 'a44770f6-9464-4f1d-981c-ab045c67bb04'),
  ('Documented surface condition and preparation needs', 5, '08f2fefc-903f-4835-b3a1-e692931353a0'),
  ('Measured structural integrity and safety concerns', 8, '35cdce4f-6b50-45b7-858d-1fefd6d840cb'),
  ('Inspected material requirements and cost estimate', 4, 'd7402c69-8903-4a5f-a251-51536432a2a9'),
  ('Documented material requirements and cost estimate', 16, 'c737a1d0-d458-4b53-a6a4-e004832c0399'),
  ('Inspected repair area and estimated labor hours', 23, '08f2fefc-903f-4835-b3a1-e692931353a0'),
  ('Measured surface condition and preparation needs', 17, 'a44770f6-9464-4f1d-981c-ab045c67bb04'),
  ('Measured repair area and estimated labor hours', 13, 'ce2dff7d-9c75-4ae6-a869-18793b63c5d0'),
  ('Documented damage extent and recommended materials', 6, '834f5173-a5bb-4e48-a4cf-939bb64b6c9c'),
  ('Measured damage extent and recommended materials', 15, '8d1af864-5151-4da4-9945-e757c0d46134'),
  ('Assessed repair area and estimated labor hours', 6, '8d1af864-5151-4da4-9945-e757c0d46134'),
  ('Assessed surface condition and preparation needs', 13, 'a44770f6-9464-4f1d-981c-ab045c67bb04'),
  ('Inspected structural integrity and safety concerns', 24, 'ce2dff7d-9c75-4ae6-a869-18793b63c5d0'),
  ('Measured damage extent and recommended materials', 18, '0f1a7f38-bcb4-4c24-8a41-e7c255d2194e'),
  ('Inspected repair area and estimated labor hours', 17, 'a44770f6-9464-4f1d-981c-ab045c67bb04'),
  ('Documented surface condition and preparation needs', 2, '08f2fefc-903f-4835-b3a1-e692931353a0'),
  ('Inspected damage extent and recommended materials', 2, 'ce2dff7d-9c75-4ae6-a869-18793b63c5d0'),
  ('Reviewed surface condition and preparation needs', 13, '7ad37d50-a4f3-4b11-a8d9-4151516737b9'),
  ('Reviewed surface condition and preparation needs', 3, 'd7402c69-8903-4a5f-a251-51536432a2a9'),
  ('Measured material requirements and cost estimate', 19, '8d1af864-5151-4da4-9945-e757c0d46134'),
  ('Documented structural integrity and safety concerns', 18, '0f1a7f38-bcb4-4c24-8a41-e7c255d2194e'),
  ('Inspected structural integrity and safety concerns', 25, '8d1af864-5151-4da4-9945-e757c0d46134'),
  ('Reviewed structural integrity and safety concerns', 4, '08f2fefc-903f-4835-b3a1-e692931353a0'),
  ('Measured structural integrity and safety concerns', 19, '5f7ceee9-79b9-4807-99d4-7f743d9753af'),
  ('Documented material requirements and cost estimate', 15, 'dfa02441-5eae-42a8-b06c-be48fcd701a1'),
  ('Assessed material requirements and cost estimate', 17, '35cdce4f-6b50-45b7-858d-1fefd6d840cb'),
  ('Reviewed surface condition and preparation needs', 24, '5f7ceee9-79b9-4807-99d4-7f743d9753af'),
  ('Documented surface condition and preparation needs', 3, 'c737a1d0-d458-4b53-a6a4-e004832c0399'),
  ('Documented repair area and estimated labor hours', 1, '834f5173-a5bb-4e48-a4cf-939bb64b6c9c'),
  ('Reviewed surface condition and preparation needs', 21, 'a44770f6-9464-4f1d-981c-ab045c67bb04'),
  ('Measured repair area and estimated labor hours', 16, '8d1af864-5151-4da4-9945-e757c0d46134'),
  ('Reviewed material requirements and cost estimate', 13, '35cdce4f-6b50-45b7-858d-1fefd6d840cb'),
  ('Inspected material requirements and cost estimate', 12, '08f2fefc-903f-4835-b3a1-e692931353a0'),
  ('Measured material requirements and cost estimate', 8, '7ad37d50-a4f3-4b11-a8d9-4151516737b9'),
  ('Inspected structural integrity and safety concerns', 14, '46c59b8a-a121-4212-af4d-d3f28cbc03c9'),
  ('Inspected structural integrity and safety concerns', 8, '08f2fefc-903f-4835-b3a1-e692931353a0'),
  ('Assessed structural integrity and safety concerns', 24, 'd7402c69-8903-4a5f-a251-51536432a2a9'),
  ('Documented repair area and estimated labor hours', 25, '35cdce4f-6b50-45b7-858d-1fefd6d840cb'),
  ('Reviewed damage extent and recommended materials', 7, 'c737a1d0-d458-4b53-a6a4-e004832c0399'),
  ('Documented material requirements and cost estimate', 25, 'ce2dff7d-9c75-4ae6-a869-18793b63c5d0'),
  ('Documented structural integrity and safety concerns', 21, 'ce2dff7d-9c75-4ae6-a869-18793b63c5d0'),
  ('Inspected surface condition and preparation needs', 2, '834f5173-a5bb-4e48-a4cf-939bb64b6c9c'),
  ('Measured repair area and estimated labor hours', 20, 'dfa02441-5eae-42a8-b06c-be48fcd701a1'),
  ('Measured structural integrity and safety concerns', 2, 'dfa02441-5eae-42a8-b06c-be48fcd701a1'),
  ('Inspected material requirements and cost estimate', 5, '5f7ceee9-79b9-4807-99d4-7f743d9753af');

-- Insert mock data for issue_tags
INSERT INTO "public"."issue_tags" ("issue_id", "tag_id") VALUES
  (24, 2),
  (8, 5),
  (12, 5),
  (5, 2),
  (20, 8),
  (18, 2),
  (10, 2),
  (9, 4),
  (1, 4),
  (3, 7),
  (14, 6),
  (6, 7),
  (6, 1),
  (2, 5),
  (6, 2),
  (3, 3),
  (22, 7),
  (13, 5),
  (24, 8),
  (4, 2),
  (22, 2),
  (8, 2),
  (2, 8),
  (3, 4),
  (2, 1),
  (25, 7),
  (13, 7),
  (19, 4),
  (4, 5),
  (5, 5),
  (17, 2),
  (13, 4),
  (14, 1),
  (22, 1),
  (20, 1),
  (7, 6),
  (1, 3),
  (7, 8),
  (3, 2),
  (16, 6),
  (17, 7),
  (13, 6),
  (25, 8),
  (3, 8),
  (16, 8),
  (5, 4),
  (11, 7),
  (17, 4),
  (18, 5),
  (15, 8),
  (9, 2),
  (2, 3),
  (24, 5),
  (21, 5),
  (15, 2),
  (11, 6),
  (15, 7),
  (15, 3),
  (12, 6),
  (12, 7),
  (14, 8),
  (6, 8),
  (25, 2),
  (14, 7),
  (18, 6),
  (13, 1),
  (1, 7),
  (21, 8),
  (23, 2),
  (17, 5),
  (1, 6),
  (24, 6),
  (8, 8),
  (14, 2),
  (22, 3);

-- Notify PostgREST to reload schema cache
NOTIFY pgrst, 'reload schema';
