-- =====================================================
-- Mock Data Generated by Civic OS Mock Data Generator
-- Generated at: 2025-10-10T00:28:44.247Z
-- =====================================================

-- Insert mock data for civic_os_users
INSERT INTO "public"."civic_os_users" ("id", "display_name") VALUES
  ('74698137-ce6a-48aa-b649-64b0835beaba', 'Cathy Steuber'),
  ('b1387bbc-4cba-46b3-a962-5ca0b35a788e', 'Ed Wolff'),
  ('faa90c65-8250-44ea-8560-6fc635c6c70d', 'Kurt Heaney-Feil'),
  ('3ac938b3-10e5-4397-8f53-4bfb8b59cef8', 'Mitchell Hagenes'),
  ('71c5a692-0d1b-4f25-b023-8507e3fbb27f', 'Phillip Balistreri'),
  ('c3ef0693-13ee-437d-8fec-e5d34f58f52d', 'Josefina Gerlach'),
  ('e2734e14-ea49-48af-8afe-4c7446050c7f', 'Alexis Doyle'),
  ('8209e95e-f59e-4f47-b6f5-df37a58617d1', 'Ervin Tromp-McLaughlin'),
  ('893a5667-f286-4549-a6c3-8c17f68417fb', 'Caroline Reinger DVM'),
  ('70205574-193f-41af-bbb8-dd0dbe0dc7ec', 'Ivan Ryan'),
  ('95f84542-0610-41d2-a6d7-4bc55d300085', 'Lena Cummings'),
  ('e8c48207-c2ed-4916-8703-8c44407a3737', 'Rosa Wehner'),
  ('7e72a264-a616-4ae6-b61e-2c7e0fa4c825', 'Domingo Monahan'),
  ('fdb61d9b-ce44-467d-96bd-ed7fa1c88b68', 'Rex Abernathy'),
  ('8054c791-b8ec-4490-be5c-a94f50e4599b', 'Janis Price');

-- Insert mock data for civic_os_users_private
INSERT INTO "public"."civic_os_users_private" ("id", "display_name", "email", "phone") VALUES
  ('74698137-ce6a-48aa-b649-64b0835beaba', 'Cathy Steuber', 'cathy.steuber24@gmail.com', '192-385-1280'),
  ('b1387bbc-4cba-46b3-a962-5ca0b35a788e', 'Ed Wolff', 'ed.wolff@hotmail.com', '612-216-5556'),
  ('faa90c65-8250-44ea-8560-6fc635c6c70d', 'Kurt Heaney-Feil', 'kurt_heaney-feil25@gmail.com', '690-199-3720'),
  ('3ac938b3-10e5-4397-8f53-4bfb8b59cef8', 'Mitchell Hagenes', 'mitchell_hagenes95@yahoo.com', '858-132-3151'),
  ('71c5a692-0d1b-4f25-b023-8507e3fbb27f', 'Phillip Balistreri', 'phillip_balistreri21@hotmail.com', '611-343-9212'),
  ('c3ef0693-13ee-437d-8fec-e5d34f58f52d', 'Josefina Gerlach', 'josefina_gerlach96@hotmail.com', '879-355-6819'),
  ('e2734e14-ea49-48af-8afe-4c7446050c7f', 'Alexis Doyle', 'alexis_doyle@hotmail.com', '030-901-2813'),
  ('8209e95e-f59e-4f47-b6f5-df37a58617d1', 'Ervin Tromp-McLaughlin', 'ervin_tromp-mclaughlin@yahoo.com', '035-873-6660'),
  ('893a5667-f286-4549-a6c3-8c17f68417fb', 'Caroline Reinger DVM', 'caroline.dvm@hotmail.com', '868-618-5927'),
  ('70205574-193f-41af-bbb8-dd0dbe0dc7ec', 'Ivan Ryan', 'ivan_ryan91@gmail.com', '173-655-4847'),
  ('95f84542-0610-41d2-a6d7-4bc55d300085', 'Lena Cummings', 'lena.cummings17@yahoo.com', '281-222-8485'),
  ('e8c48207-c2ed-4916-8703-8c44407a3737', 'Rosa Wehner', 'rosa.wehner53@hotmail.com', '597-507-0009'),
  ('7e72a264-a616-4ae6-b61e-2c7e0fa4c825', 'Domingo Monahan', 'domingo.monahan@hotmail.com', '995-243-2906'),
  ('fdb61d9b-ce44-467d-96bd-ed7fa1c88b68', 'Rex Abernathy', 'rex_abernathy77@yahoo.com', '078-201-4543'),
  ('8054c791-b8ec-4490-be5c-a94f50e4599b', 'Janis Price', 'janis_price@yahoo.com', '760-574-8267');

-- Insert mock data for WorkPackage
INSERT INTO "public"."WorkPackage" ("display_name", "quote_due_date", "status") VALUES
  ('Fall 2025 road repairs - North Hiltonside', '2025-10-01T14:05:57.880Z', '3'),
  ('Summer 2025 road repairs - Rogers', '2025-09-26T19:46:14.379Z', NULL);

-- Insert mock data for Bid
INSERT INTO "public"."Bid" ("display_name", "owner", "work_start_date", "work_end_date", "work_package", "total_cost") VALUES
  ('Hahn - Fahey proposal', 'fdb61d9b-ce44-467d-96bd-ed7fa1c88b68', '2025-09-21', '2025-09-16', 1, '77457.99'),
  ('Stiedemann and Sons proposal', '8209e95e-f59e-4f47-b6f5-df37a58617d1', '2025-09-21', '2025-09-30', 1, '45879.25'),
  ('Sauer - Hickle proposal', '71c5a692-0d1b-4f25-b023-8507e3fbb27f', '2025-09-22', '2025-09-22', 1, '28037.29'),
  ('Wiegand, Howe and Sanford proposal', '71c5a692-0d1b-4f25-b023-8507e3fbb27f', '2025-09-22', '2025-09-23', 2, '69530.99'),
  ('Blanda, Kris and Strosin proposal', '3ac938b3-10e5-4397-8f53-4bfb8b59cef8', '2025-10-09', '2025-09-15', 1, '57821.99'),
  ('Crooks, Kuvalis and Towne proposal', 'b1387bbc-4cba-46b3-a962-5ca0b35a788e', '2025-09-18', '2025-09-22', 1, '15465.99'),
  ('Conn, Abshire and Dickens proposal', 'e8c48207-c2ed-4916-8703-8c44407a3737', '2025-09-18', '2025-10-03', 1, '66288.20'),
  ('Oberbrunner - MacGyver proposal', 'faa90c65-8250-44ea-8560-6fc635c6c70d', '2025-09-14', '2025-09-17', 1, '34790.18'),
  ('Gerhold, Collier and Mertz proposal', '8054c791-b8ec-4490-be5c-a94f50e4599b', '2025-09-12', '2025-09-30', 2, '31414.59'),
  ('Abshire, Hessel and Raynor proposal', '74698137-ce6a-48aa-b649-64b0835beaba', '2025-09-17', '2025-10-02', 1, '90110.85');

-- Insert mock data for Issue
INSERT INTO "public"."Issue" ("display_name", "status", "created_user", "work_package", "location") VALUES
  ('Medium pothole on Simone Road', '4', '95f84542-0610-41d2-a6d7-4bc55d300085', 1, 'SRID=4326;POINT(-83.713508 43.023349)'),
  ('Medium crack on Chesley Port', '5', '71c5a692-0d1b-4f25-b023-8507e3fbb27f', 2, 'SRID=4326;POINT(-83.69538 43.041186)'),
  ('Medium pothole on Klocko Pass', '3', '74698137-ce6a-48aa-b649-64b0835beaba', 1, 'SRID=4326;POINT(-83.726912 42.988976)'),
  ('Small pavement damage on Hyatt Views', '7', '3ac938b3-10e5-4397-8f53-4bfb8b59cef8', 1, 'SRID=4326;POINT(-83.69996 43.056072)'),
  ('Medium pavement damage on Weimann Estates', '6', 'c3ef0693-13ee-437d-8fec-e5d34f58f52d', 1, 'SRID=4326;POINT(-83.728589 43.093723)'),
  ('Severe crack on Torphy Freeway', '4', '71c5a692-0d1b-4f25-b023-8507e3fbb27f', 1, 'SRID=4326;POINT(-83.71593 43.021064)'),
  ('Severe road damage on Dax Coves', '6', '74698137-ce6a-48aa-b649-64b0835beaba', NULL, 'SRID=4326;POINT(-83.667408 42.980497)'),
  ('Small road damage on E Market Street', '1', 'b1387bbc-4cba-46b3-a962-5ca0b35a788e', 2, 'SRID=4326;POINT(-83.751036 43.02313)'),
  ('Severe crack on Alva Shoal', '6', '3ac938b3-10e5-4397-8f53-4bfb8b59cef8', NULL, 'SRID=4326;POINT(-83.736875 43.039778)'),
  ('Medium crack on Adela Inlet', '5', '7e72a264-a616-4ae6-b61e-2c7e0fa4c825', NULL, 'SRID=4326;POINT(-83.697614 43.037947)'),
  ('Large broken asphalt on Stiedemann Vista', '6', '95f84542-0610-41d2-a6d7-4bc55d300085', NULL, 'SRID=4326;POINT(-83.718782 43.012921)'),
  ('Small pavement damage on Stefan Garden', '1', '74698137-ce6a-48aa-b649-64b0835beaba', 1, 'SRID=4326;POINT(-83.713957 43.01098)'),
  ('Medium pothole on Orchard Drive', '4', '71c5a692-0d1b-4f25-b023-8507e3fbb27f', 1, 'SRID=4326;POINT(-83.681918 43.011325)'),
  ('Medium crack on Waterside', '6', 'b1387bbc-4cba-46b3-a962-5ca0b35a788e', 2, 'SRID=4326;POINT(-83.763474 43.048836)'),
  ('Medium pavement damage on South Drive', '2', 'e2734e14-ea49-48af-8afe-4c7446050c7f', NULL, 'SRID=4326;POINT(-83.659824 43.082414)'),
  ('Medium pavement damage on Sycamore Drive', '1', 'e2734e14-ea49-48af-8afe-4c7446050c7f', 1, 'SRID=4326;POINT(-83.722417 43.078685)'),
  ('Large crack on Olin Overpass', '6', 'c3ef0693-13ee-437d-8fec-e5d34f58f52d', NULL, 'SRID=4326;POINT(-83.72247 43.066451)'),
  ('Small pavement damage on Main Street N', '7', 'fdb61d9b-ce44-467d-96bd-ed7fa1c88b68', 2, 'SRID=4326;POINT(-83.676975 43.094095)'),
  ('Severe pothole on Roxane Crest', '3', '8209e95e-f59e-4f47-b6f5-df37a58617d1', 2, 'SRID=4326;POINT(-83.668207 43.080543)'),
  ('Small pothole on Sipes Fork', '3', '7e72a264-a616-4ae6-b61e-2c7e0fa4c825', 1, 'SRID=4326;POINT(-83.699312 43.07383)'),
  ('Medium pavement damage on Adelle Union', '4', '74698137-ce6a-48aa-b649-64b0835beaba', 1, 'SRID=4326;POINT(-83.708112 43.016793)'),
  ('Small pavement damage on Hansen Common', '1', '3ac938b3-10e5-4397-8f53-4bfb8b59cef8', NULL, 'SRID=4326;POINT(-83.676649 43.038697)'),
  ('Small pothole on Commercial Street', '7', '893a5667-f286-4549-a6c3-8c17f68417fb', 1, 'SRID=4326;POINT(-83.69241 43.02314)'),
  ('Medium road damage on The Causeway', '1', 'e8c48207-c2ed-4916-8703-8c44407a3737', 2, 'SRID=4326;POINT(-83.700653 43.032751)'),
  ('Large broken asphalt on Hoeger Cove', '5', 'faa90c65-8250-44ea-8560-6fc635c6c70d', 1, 'SRID=4326;POINT(-83.703429 43.029906)');

-- Insert mock data for WorkDetail
INSERT INTO "public"."WorkDetail" ("display_name", "issue", "added_by") VALUES
  ('Inspected material requirements and cost estimate', 10, '8209e95e-f59e-4f47-b6f5-df37a58617d1'),
  ('Measured structural integrity and safety concerns', 6, '8209e95e-f59e-4f47-b6f5-df37a58617d1'),
  ('Assessed damage extent and recommended materials', 21, '8054c791-b8ec-4490-be5c-a94f50e4599b'),
  ('Documented structural integrity and safety concerns', 1, 'b1387bbc-4cba-46b3-a962-5ca0b35a788e'),
  ('Assessed surface condition and preparation needs', 4, 'e8c48207-c2ed-4916-8703-8c44407a3737'),
  ('Assessed surface condition and preparation needs', 2, '893a5667-f286-4549-a6c3-8c17f68417fb'),
  ('Reviewed structural integrity and safety concerns', 23, '3ac938b3-10e5-4397-8f53-4bfb8b59cef8'),
  ('Measured structural integrity and safety concerns', 6, 'fdb61d9b-ce44-467d-96bd-ed7fa1c88b68'),
  ('Measured repair area and estimated labor hours', 7, '70205574-193f-41af-bbb8-dd0dbe0dc7ec'),
  ('Reviewed damage extent and recommended materials', 7, '74698137-ce6a-48aa-b649-64b0835beaba'),
  ('Assessed material requirements and cost estimate', 22, 'fdb61d9b-ce44-467d-96bd-ed7fa1c88b68'),
  ('Assessed repair area and estimated labor hours', 19, '71c5a692-0d1b-4f25-b023-8507e3fbb27f'),
  ('Assessed material requirements and cost estimate', 10, '7e72a264-a616-4ae6-b61e-2c7e0fa4c825'),
  ('Reviewed surface condition and preparation needs', 3, '95f84542-0610-41d2-a6d7-4bc55d300085'),
  ('Inspected structural integrity and safety concerns', 4, '8054c791-b8ec-4490-be5c-a94f50e4599b'),
  ('Reviewed damage extent and recommended materials', 9, 'e2734e14-ea49-48af-8afe-4c7446050c7f'),
  ('Assessed damage extent and recommended materials', 13, 'c3ef0693-13ee-437d-8fec-e5d34f58f52d'),
  ('Measured structural integrity and safety concerns', 13, 'e2734e14-ea49-48af-8afe-4c7446050c7f'),
  ('Assessed surface condition and preparation needs', 1, '8054c791-b8ec-4490-be5c-a94f50e4599b'),
  ('Assessed repair area and estimated labor hours', 19, 'e8c48207-c2ed-4916-8703-8c44407a3737'),
  ('Measured surface condition and preparation needs', 15, '893a5667-f286-4549-a6c3-8c17f68417fb'),
  ('Documented damage extent and recommended materials', 11, 'fdb61d9b-ce44-467d-96bd-ed7fa1c88b68'),
  ('Reviewed structural integrity and safety concerns', 2, '3ac938b3-10e5-4397-8f53-4bfb8b59cef8'),
  ('Reviewed surface condition and preparation needs', 19, 'e2734e14-ea49-48af-8afe-4c7446050c7f'),
  ('Inspected material requirements and cost estimate', 9, 'b1387bbc-4cba-46b3-a962-5ca0b35a788e'),
  ('Inspected material requirements and cost estimate', 19, '71c5a692-0d1b-4f25-b023-8507e3fbb27f'),
  ('Inspected structural integrity and safety concerns', 13, 'fdb61d9b-ce44-467d-96bd-ed7fa1c88b68'),
  ('Reviewed repair area and estimated labor hours', 8, '8054c791-b8ec-4490-be5c-a94f50e4599b'),
  ('Reviewed structural integrity and safety concerns', 6, '893a5667-f286-4549-a6c3-8c17f68417fb'),
  ('Assessed damage extent and recommended materials', 10, 'fdb61d9b-ce44-467d-96bd-ed7fa1c88b68'),
  ('Reviewed repair area and estimated labor hours', 23, '8054c791-b8ec-4490-be5c-a94f50e4599b'),
  ('Documented damage extent and recommended materials', 8, '7e72a264-a616-4ae6-b61e-2c7e0fa4c825'),
  ('Reviewed structural integrity and safety concerns', 14, '7e72a264-a616-4ae6-b61e-2c7e0fa4c825'),
  ('Measured damage extent and recommended materials', 18, '95f84542-0610-41d2-a6d7-4bc55d300085'),
  ('Inspected surface condition and preparation needs', 3, 'fdb61d9b-ce44-467d-96bd-ed7fa1c88b68'),
  ('Documented repair area and estimated labor hours', 1, 'faa90c65-8250-44ea-8560-6fc635c6c70d'),
  ('Documented damage extent and recommended materials', 5, '3ac938b3-10e5-4397-8f53-4bfb8b59cef8'),
  ('Inspected repair area and estimated labor hours', 16, 'e8c48207-c2ed-4916-8703-8c44407a3737'),
  ('Measured surface condition and preparation needs', 11, '71c5a692-0d1b-4f25-b023-8507e3fbb27f'),
  ('Inspected surface condition and preparation needs', 3, '893a5667-f286-4549-a6c3-8c17f68417fb'),
  ('Measured structural integrity and safety concerns', 8, 'e8c48207-c2ed-4916-8703-8c44407a3737'),
  ('Documented damage extent and recommended materials', 18, 'c3ef0693-13ee-437d-8fec-e5d34f58f52d'),
  ('Assessed repair area and estimated labor hours', 14, '71c5a692-0d1b-4f25-b023-8507e3fbb27f'),
  ('Documented material requirements and cost estimate', 8, '7e72a264-a616-4ae6-b61e-2c7e0fa4c825'),
  ('Measured surface condition and preparation needs', 14, 'c3ef0693-13ee-437d-8fec-e5d34f58f52d'),
  ('Reviewed repair area and estimated labor hours', 22, 'faa90c65-8250-44ea-8560-6fc635c6c70d'),
  ('Measured material requirements and cost estimate', 7, 'e2734e14-ea49-48af-8afe-4c7446050c7f'),
  ('Inspected material requirements and cost estimate', 10, 'e8c48207-c2ed-4916-8703-8c44407a3737'),
  ('Measured repair area and estimated labor hours', 1, 'c3ef0693-13ee-437d-8fec-e5d34f58f52d'),
  ('Measured surface condition and preparation needs', 2, '95f84542-0610-41d2-a6d7-4bc55d300085');

-- Notify PostgREST to reload schema cache
NOTIFY pgrst, 'reload schema';
