-- =====================================================
-- Mock Data Generated by Civic OS Mock Data Generator
-- Generated at: 2025-10-10T20:36:23.679Z
-- =====================================================

-- Insert mock data for civic_os_users
INSERT INTO "public"."civic_os_users" ("id", "display_name") VALUES
  ('fce5a237-15be-460c-96a9-1300476f9d1d', 'Santiago C.'),
  ('9f3f53a6-3855-4803-9428-a30701980f6d', 'Perry H.'),
  ('cac98023-f56a-468c-9042-734b8c4a357b', 'Steven K.'),
  ('0782f23d-9a66-48bc-825a-7fc2e59f4499', 'Lila S.'),
  ('438526e5-2859-437b-8542-59f7f381ad25', 'Daryl P.'),
  ('a61f1651-f865-4dfc-9ab6-6a8386557686', 'Shelia S.'),
  ('3808b4d3-d6af-4275-bee3-d2d8a01b554e', 'Victor J.'),
  ('37c1013d-8ee7-46f1-90fb-7f45ef80a721', 'Marjorie S.'),
  ('7384fb1b-cef3-4cf6-b267-374172f4b200', 'Ida C.'),
  ('a842731d-2654-48b5-8350-29ee0e52d70c', 'Melody S.'),
  ('14deca9a-f59d-4c57-b6e4-0a5f4daac39e', 'Tami R.'),
  ('f639ed39-8f9c-46ac-b5df-d89d3c6559da', 'Misty R.'),
  ('7ca625f9-04b3-4466-bd56-ce146989e573', 'Spencer K.'),
  ('ba702eae-8c15-4b71-939c-dd7545bbf032', 'Guillermo A.'),
  ('0a478f82-60b4-406b-8a3b-38b9945457d2', 'Doug W.');

-- Insert mock data for civic_os_users_private
INSERT INTO "public"."civic_os_users_private" ("id", "display_name", "email", "phone") VALUES
  ('fce5a237-15be-460c-96a9-1300476f9d1d', 'Santiago Considine-Barrows', 'santiago.considine-barrows40@gmail.com', '921-129-1056'),
  ('9f3f53a6-3855-4803-9428-a30701980f6d', 'Perry Harber', 'perry_harber55@gmail.com', '583-468-1806'),
  ('cac98023-f56a-468c-9042-734b8c4a357b', 'Steven Kuhn', 'steven.kuhn4@hotmail.com', '965-671-0344'),
  ('0782f23d-9a66-48bc-825a-7fc2e59f4499', 'Lila Schowalter', 'lila.schowalter80@hotmail.com', '252-874-0048'),
  ('438526e5-2859-437b-8542-59f7f381ad25', 'Mr. Daryl Parisian', 'mr.parisian97@gmail.com', '211-269-4889'),
  ('a61f1651-f865-4dfc-9ab6-6a8386557686', 'Shelia Stanton', 'shelia_stanton62@yahoo.com', '541-343-1154'),
  ('3808b4d3-d6af-4275-bee3-d2d8a01b554e', 'Mr. Victor Jacobs', 'mr._jacobs@gmail.com', '653-930-1677'),
  ('37c1013d-8ee7-46f1-90fb-7f45ef80a721', 'Marjorie Schuppe', 'marjorie.schuppe@gmail.com', '180-004-5057'),
  ('7384fb1b-cef3-4cf6-b267-374172f4b200', 'Ida Cruickshank', 'ida_cruickshank94@hotmail.com', '750-245-0417'),
  ('a842731d-2654-48b5-8350-29ee0e52d70c', 'Melody Schneider-Cormier', 'melody_schneider-cormier36@yahoo.com', '131-697-0378'),
  ('14deca9a-f59d-4c57-b6e4-0a5f4daac39e', 'Tami Raynor', 'tami.raynor54@yahoo.com', '507-973-8082'),
  ('f639ed39-8f9c-46ac-b5df-d89d3c6559da', 'Dr. Misty Roob', 'dr._roob61@yahoo.com', '713-730-7032'),
  ('7ca625f9-04b3-4466-bd56-ce146989e573', 'Spencer Kub', 'spencer_kub@hotmail.com', '478-594-3173'),
  ('ba702eae-8c15-4b71-939c-dd7545bbf032', 'Guillermo Anderson', 'guillermo.anderson@hotmail.com', '689-426-4277'),
  ('0a478f82-60b4-406b-8a3b-38b9945457d2', 'Dr. Doug Wuckert', 'dr.wuckert63@gmail.com', '671-680-5498');

-- Insert mock data for WorkPackage
INSERT INTO "public"."WorkPackage" ("display_name", "quote_due_date", "status") VALUES
  ('Q2 2025 road repairs - Litzyborough', '2025-09-22T17:25:11.340Z', '4'),
  ('Q2 2025 road repairs - South Jefferybury', '2025-09-29T01:56:40.611Z', '3');

-- Insert mock data for Bid
INSERT INTO "public"."Bid" ("display_name", "owner", "work_start_date", "work_end_date", "work_package", "total_cost") VALUES
  ('Conroy and Sons proposal', '0782f23d-9a66-48bc-825a-7fc2e59f4499', '2025-09-29', '2025-09-20', 1, '20536.05'),
  ('Graham Group proposal', '14deca9a-f59d-4c57-b6e4-0a5f4daac39e', '2025-10-03', '2025-09-24', 2, '46597.09'),
  ('Lind and Sons proposal', 'fce5a237-15be-460c-96a9-1300476f9d1d', '2025-10-02', '2025-09-23', 2, '65867.59'),
  ('Turner LLC proposal', 'ba702eae-8c15-4b71-939c-dd7545bbf032', '2025-09-20', '2025-10-04', 2, '19064.30'),
  ('Kautzer and Sons proposal', '3808b4d3-d6af-4275-bee3-d2d8a01b554e', '2025-09-29', '2025-09-24', 1, '57185.55'),
  ('Emard Group proposal', 'f639ed39-8f9c-46ac-b5df-d89d3c6559da', '2025-09-19', '2025-09-29', 1, '16313.89'),
  ('Greenholt - Weissnat proposal', '0a478f82-60b4-406b-8a3b-38b9945457d2', '2025-10-04', '2025-09-28', 1, '66591.19'),
  ('Brakus - Yost proposal', '3808b4d3-d6af-4275-bee3-d2d8a01b554e', '2025-09-12', '2025-10-02', 2, '24810.79'),
  ('Dicki LLC proposal', 'fce5a237-15be-460c-96a9-1300476f9d1d', '2025-09-20', '2025-10-06', 2, '60385.69'),
  ('Dare - Bashirian proposal', '37c1013d-8ee7-46f1-90fb-7f45ef80a721', '2025-09-12', '2025-09-16', 2, '96873.52');

-- Insert mock data for Issue
INSERT INTO "public"."Issue" ("display_name", "status", "created_user", "work_package", "location") VALUES
  ('Small pothole on Herman Harbors', '8', '14deca9a-f59d-4c57-b6e4-0a5f4daac39e', 2, 'SRID=4326;POINT(-83.730177 43.025251)'),
  ('Large pavement damage on Nicolas Hills', '7', 'a842731d-2654-48b5-8350-29ee0e52d70c', 1, 'SRID=4326;POINT(-83.765098 43.028479)'),
  ('Severe road damage on Prosacco Hills', '5', '14deca9a-f59d-4c57-b6e4-0a5f4daac39e', 2, 'SRID=4326;POINT(-83.744056 42.987521)'),
  ('Large road damage on Willow Street', '6', '0a478f82-60b4-406b-8a3b-38b9945457d2', 1, 'SRID=4326;POINT(-83.698933 43.030474)'),
  ('Medium crack on Ramona View', '1', '438526e5-2859-437b-8542-59f7f381ad25', 2, 'SRID=4326;POINT(-83.766448 43.089382)'),
  ('Medium broken asphalt on Walsh Burgs', '8', 'f639ed39-8f9c-46ac-b5df-d89d3c6559da', NULL, 'SRID=4326;POINT(-83.691078 43.079144)'),
  ('Large pothole on Jan Park', '2', '7384fb1b-cef3-4cf6-b267-374172f4b200', 1, 'SRID=4326;POINT(-83.717151 43.041879)'),
  ('Small broken asphalt on Beatty Heights', '3', '3808b4d3-d6af-4275-bee3-d2d8a01b554e', 2, 'SRID=4326;POINT(-83.674995 42.975604)'),
  ('Medium pothole on O''Conner Creek', '4', '7384fb1b-cef3-4cf6-b267-374172f4b200', 1, 'SRID=4326;POINT(-83.707403 43.060425)'),
  ('Small road damage on Monica Trail', '3', 'ba702eae-8c15-4b71-939c-dd7545bbf032', 2, 'SRID=4326;POINT(-83.725566 43.033914)'),
  ('Small pavement damage on Gertrude Lock', '1', '37c1013d-8ee7-46f1-90fb-7f45ef80a721', 2, 'SRID=4326;POINT(-83.678656 42.997751)'),
  ('Medium crack on Jonas Drives', '6', '7384fb1b-cef3-4cf6-b267-374172f4b200', 1, 'SRID=4326;POINT(-83.70967 43.079315)'),
  ('Large pavement damage on Bramley Close', '6', '7384fb1b-cef3-4cf6-b267-374172f4b200', 1, 'SRID=4326;POINT(-83.686952 43.052039)'),
  ('Small crack on E Broadway', '3', '0a478f82-60b4-406b-8a3b-38b9945457d2', 2, 'SRID=4326;POINT(-83.688495 42.993662)'),
  ('Medium pothole on Green Lane', '6', '0782f23d-9a66-48bc-825a-7fc2e59f4499', NULL, 'SRID=4326;POINT(-83.729941 43.073255)'),
  ('Small broken asphalt on Pinfold Lane', '5', '7384fb1b-cef3-4cf6-b267-374172f4b200', 2, 'SRID=4326;POINT(-83.766314 42.999607)'),
  ('Small pavement damage on Rene Junctions', '6', '37c1013d-8ee7-46f1-90fb-7f45ef80a721', NULL, 'SRID=4326;POINT(-83.661484 43.039088)'),
  ('Medium pothole on Flavio Summit', '7', 'fce5a237-15be-460c-96a9-1300476f9d1d', 2, 'SRID=4326;POINT(-83.709912 43.016752)'),
  ('Severe pavement damage on Kurtis Pass', '3', '9f3f53a6-3855-4803-9428-a30701980f6d', 2, 'SRID=4326;POINT(-83.728184 43.087531)'),
  ('Medium broken asphalt on Rita Keys', '3', 'ba702eae-8c15-4b71-939c-dd7545bbf032', NULL, 'SRID=4326;POINT(-83.720416 43.015625)'),
  ('Medium crack on Quarry Road', '4', '0a478f82-60b4-406b-8a3b-38b9945457d2', NULL, 'SRID=4326;POINT(-83.757559 43.069424)'),
  ('Small pothole on Konopelski Bypass', '1', 'ba702eae-8c15-4b71-939c-dd7545bbf032', NULL, 'SRID=4326;POINT(-83.695782 43.062101)'),
  ('Small pothole on Jessie Street', '8', '0782f23d-9a66-48bc-825a-7fc2e59f4499', 1, 'SRID=4326;POINT(-83.696002 43.016335)'),
  ('Large pothole on Estella Unions', '8', 'cac98023-f56a-468c-9042-734b8c4a357b', NULL, 'SRID=4326;POINT(-83.714965 43.024388)'),
  ('Medium pothole on Silver Street', '2', 'fce5a237-15be-460c-96a9-1300476f9d1d', 2, 'SRID=4326;POINT(-83.746961 43.037507)');

-- Insert mock data for WorkDetail
INSERT INTO "public"."WorkDetail" ("display_name", "issue", "added_by") VALUES
  ('Documented material requirements and cost estimate', 8, '7ca625f9-04b3-4466-bd56-ce146989e573'),
  ('Measured repair area and estimated labor hours', 20, 'fce5a237-15be-460c-96a9-1300476f9d1d'),
  ('Assessed surface condition and preparation needs', 9, 'ba702eae-8c15-4b71-939c-dd7545bbf032'),
  ('Reviewed structural integrity and safety concerns', 12, 'f639ed39-8f9c-46ac-b5df-d89d3c6559da'),
  ('Documented surface condition and preparation needs', 22, '7ca625f9-04b3-4466-bd56-ce146989e573'),
  ('Measured material requirements and cost estimate', 1, '9f3f53a6-3855-4803-9428-a30701980f6d'),
  ('Reviewed surface condition and preparation needs', 13, 'ba702eae-8c15-4b71-939c-dd7545bbf032'),
  ('Assessed damage extent and recommended materials', 11, '9f3f53a6-3855-4803-9428-a30701980f6d'),
  ('Reviewed material requirements and cost estimate', 16, 'a61f1651-f865-4dfc-9ab6-6a8386557686'),
  ('Documented repair area and estimated labor hours', 2, 'f639ed39-8f9c-46ac-b5df-d89d3c6559da'),
  ('Measured surface condition and preparation needs', 6, '438526e5-2859-437b-8542-59f7f381ad25'),
  ('Measured material requirements and cost estimate', 24, '7384fb1b-cef3-4cf6-b267-374172f4b200'),
  ('Inspected damage extent and recommended materials', 15, '37c1013d-8ee7-46f1-90fb-7f45ef80a721'),
  ('Documented surface condition and preparation needs', 19, 'f639ed39-8f9c-46ac-b5df-d89d3c6559da'),
  ('Reviewed damage extent and recommended materials', 18, '438526e5-2859-437b-8542-59f7f381ad25'),
  ('Inspected surface condition and preparation needs', 7, 'ba702eae-8c15-4b71-939c-dd7545bbf032'),
  ('Reviewed structural integrity and safety concerns', 1, '0782f23d-9a66-48bc-825a-7fc2e59f4499'),
  ('Reviewed structural integrity and safety concerns', 1, '0a478f82-60b4-406b-8a3b-38b9945457d2'),
  ('Assessed damage extent and recommended materials', 4, '37c1013d-8ee7-46f1-90fb-7f45ef80a721'),
  ('Documented repair area and estimated labor hours', 11, '0a478f82-60b4-406b-8a3b-38b9945457d2'),
  ('Inspected surface condition and preparation needs', 8, 'f639ed39-8f9c-46ac-b5df-d89d3c6559da'),
  ('Inspected structural integrity and safety concerns', 12, '9f3f53a6-3855-4803-9428-a30701980f6d'),
  ('Reviewed structural integrity and safety concerns', 4, '37c1013d-8ee7-46f1-90fb-7f45ef80a721'),
  ('Inspected surface condition and preparation needs', 5, 'f639ed39-8f9c-46ac-b5df-d89d3c6559da'),
  ('Assessed structural integrity and safety concerns', 4, '438526e5-2859-437b-8542-59f7f381ad25'),
  ('Inspected damage extent and recommended materials', 9, '0a478f82-60b4-406b-8a3b-38b9945457d2'),
  ('Measured repair area and estimated labor hours', 16, '14deca9a-f59d-4c57-b6e4-0a5f4daac39e'),
  ('Inspected repair area and estimated labor hours', 2, '7ca625f9-04b3-4466-bd56-ce146989e573'),
  ('Inspected material requirements and cost estimate', 3, '9f3f53a6-3855-4803-9428-a30701980f6d'),
  ('Assessed structural integrity and safety concerns', 13, '9f3f53a6-3855-4803-9428-a30701980f6d'),
  ('Assessed damage extent and recommended materials', 1, '14deca9a-f59d-4c57-b6e4-0a5f4daac39e'),
  ('Measured material requirements and cost estimate', 21, '0782f23d-9a66-48bc-825a-7fc2e59f4499'),
  ('Assessed damage extent and recommended materials', 1, 'f639ed39-8f9c-46ac-b5df-d89d3c6559da'),
  ('Documented surface condition and preparation needs', 19, 'fce5a237-15be-460c-96a9-1300476f9d1d'),
  ('Inspected material requirements and cost estimate', 15, '438526e5-2859-437b-8542-59f7f381ad25'),
  ('Reviewed repair area and estimated labor hours', 15, 'cac98023-f56a-468c-9042-734b8c4a357b'),
  ('Inspected surface condition and preparation needs', 8, '7384fb1b-cef3-4cf6-b267-374172f4b200'),
  ('Assessed repair area and estimated labor hours', 17, '438526e5-2859-437b-8542-59f7f381ad25'),
  ('Inspected surface condition and preparation needs', 17, '9f3f53a6-3855-4803-9428-a30701980f6d'),
  ('Reviewed repair area and estimated labor hours', 24, '3808b4d3-d6af-4275-bee3-d2d8a01b554e'),
  ('Measured damage extent and recommended materials', 20, '0a478f82-60b4-406b-8a3b-38b9945457d2'),
  ('Assessed repair area and estimated labor hours', 4, '14deca9a-f59d-4c57-b6e4-0a5f4daac39e'),
  ('Reviewed damage extent and recommended materials', 18, '7ca625f9-04b3-4466-bd56-ce146989e573'),
  ('Reviewed material requirements and cost estimate', 17, 'fce5a237-15be-460c-96a9-1300476f9d1d'),
  ('Documented material requirements and cost estimate', 14, 'fce5a237-15be-460c-96a9-1300476f9d1d'),
  ('Assessed repair area and estimated labor hours', 12, '9f3f53a6-3855-4803-9428-a30701980f6d'),
  ('Assessed damage extent and recommended materials', 13, 'f639ed39-8f9c-46ac-b5df-d89d3c6559da'),
  ('Assessed material requirements and cost estimate', 7, '14deca9a-f59d-4c57-b6e4-0a5f4daac39e'),
  ('Measured surface condition and preparation needs', 7, '7ca625f9-04b3-4466-bd56-ce146989e573'),
  ('Reviewed surface condition and preparation needs', 7, '438526e5-2859-437b-8542-59f7f381ad25');

-- Notify PostgREST to reload schema cache
NOTIFY pgrst, 'reload schema';
