-- =====================================================
-- Mock Data Generated by Civic OS Mock Data Generator
-- Generated at: 2025-10-08T13:17:49.950Z
-- =====================================================

-- Insert mock data for civic_os_users
INSERT INTO "public"."civic_os_users" ("id", "display_name") VALUES
  ('7b84472c-84ec-436e-b67e-d7f59ed81648', 'Dr. Maryann Crona'),
  ('63e1c021-14b8-4dfa-bfaa-0a9d6c2b9a2c', 'Glenn Wiza'),
  ('465f116a-6d76-40d7-bcc7-0df0c0da3e04', 'Herman Purdy'),
  ('2b10855e-cc9d-4f07-b5ef-d87060d2483d', 'Johnnie Reinger'),
  ('be1b3320-a4b2-4e02-8dcb-1774213bda85', 'Priscilla Stamm'),
  ('95570744-f486-4ab1-907a-0608b74ef59b', 'Franklin Ondricka'),
  ('1f314685-7768-462d-b1c2-2622eb224d08', 'Ms. Lorraine Marks I'),
  ('fc58625e-8247-48da-bc01-33bbbfc9f780', 'Forrest Gorczany-Langosh'),
  ('5c52fe52-5a75-4178-86d3-2c00862bc319', 'Shane McGlynn'),
  ('329c3fd1-14fc-499c-85cf-0b55a4ce4959', 'Trevor Ernser'),
  ('f2f9b9ce-9297-4422-a8ed-7f91ddb01e80', 'Mrs. Dawn Sawayn'),
  ('693ce3f4-2f87-4cf7-8671-083f108505fd', 'Melissa Kutch'),
  ('755b0898-c614-4dee-b8f2-93f1cf070a72', 'Ervin Spencer'),
  ('20110fd5-0afb-49eb-8a94-acdc36d7b5cf', 'Simon Funk'),
  ('7abfa070-5585-4779-ac2c-6f153d21703a', 'Terrance Kris');

-- Insert mock data for civic_os_users_private
INSERT INTO "public"."civic_os_users_private" ("id", "display_name", "email", "phone") VALUES
  ('7b84472c-84ec-436e-b67e-d7f59ed81648', 'Dr. Maryann Crona', 'dr._crona@hotmail.com', '715-712-1340'),
  ('63e1c021-14b8-4dfa-bfaa-0a9d6c2b9a2c', 'Glenn Wiza', 'glenn.wiza78@gmail.com', '713-821-8078'),
  ('465f116a-6d76-40d7-bcc7-0df0c0da3e04', 'Herman Purdy', 'herman_purdy@yahoo.com', '200-079-6053'),
  ('2b10855e-cc9d-4f07-b5ef-d87060d2483d', 'Johnnie Reinger', 'johnnie.reinger92@yahoo.com', '367-582-2116'),
  ('be1b3320-a4b2-4e02-8dcb-1774213bda85', 'Priscilla Stamm', 'priscilla.stamm@hotmail.com', '279-226-9127'),
  ('95570744-f486-4ab1-907a-0608b74ef59b', 'Franklin Ondricka', 'franklin_ondricka87@yahoo.com', '715-356-7482'),
  ('1f314685-7768-462d-b1c2-2622eb224d08', 'Ms. Lorraine Marks I', 'ms._i35@yahoo.com', '468-470-3487'),
  ('fc58625e-8247-48da-bc01-33bbbfc9f780', 'Forrest Gorczany-Langosh', 'forrest_gorczany-langosh@yahoo.com', '012-147-2855'),
  ('5c52fe52-5a75-4178-86d3-2c00862bc319', 'Shane McGlynn', 'shane_mcglynn@hotmail.com', '187-855-0139'),
  ('329c3fd1-14fc-499c-85cf-0b55a4ce4959', 'Trevor Ernser', 'trevor_ernser72@gmail.com', '825-318-8794'),
  ('f2f9b9ce-9297-4422-a8ed-7f91ddb01e80', 'Mrs. Dawn Sawayn', 'mrs.sawayn31@hotmail.com', '018-369-5739'),
  ('693ce3f4-2f87-4cf7-8671-083f108505fd', 'Melissa Kutch', 'melissa_kutch@yahoo.com', '398-716-6765'),
  ('755b0898-c614-4dee-b8f2-93f1cf070a72', 'Ervin Spencer', 'ervin_spencer36@gmail.com', '462-550-4517'),
  ('20110fd5-0afb-49eb-8a94-acdc36d7b5cf', 'Simon Funk', 'simon_funk@hotmail.com', '838-143-0033'),
  ('7abfa070-5585-4779-ac2c-6f153d21703a', 'Terrance Kris', 'terrance_kris@gmail.com', '230-661-9650');

-- Insert mock data for WorkPackage
INSERT INTO "public"."WorkPackage" ("display_name", "quote_due_date", "status") VALUES
  ('Spring 2024 road repairs - East Chesterland', '2025-10-04T19:10:48.450Z', '4'),
  ('Spring 2024 road repairs - Jamalmouth', '2025-09-29T06:27:09.951Z', NULL);

-- Insert mock data for Bid
INSERT INTO "public"."Bid" ("display_name", "owner", "work_start_date", "work_end_date", "work_package") VALUES
  ('Kling - McClure proposal', 'f2f9b9ce-9297-4422-a8ed-7f91ddb01e80', '2025-09-21', '2025-09-16', 2),
  ('Schaefer, Buckridge and Schuster proposal', '693ce3f4-2f87-4cf7-8671-083f108505fd', '2025-09-29', '2025-10-01', 2),
  ('Koepp LLC proposal', '2b10855e-cc9d-4f07-b5ef-d87060d2483d', '2025-09-11', '2025-09-28', 1),
  ('Maggio LLC proposal', 'fc58625e-8247-48da-bc01-33bbbfc9f780', '2025-09-09', '2025-10-05', 1),
  ('Davis, Ratke and Spencer proposal', 'fc58625e-8247-48da-bc01-33bbbfc9f780', '2025-09-12', '2025-09-14', 2),
  ('Adams - Larkin proposal', '755b0898-c614-4dee-b8f2-93f1cf070a72', '2025-10-07', '2025-09-09', 1),
  ('Daugherty, Jacobs and Zulauf proposal', '2b10855e-cc9d-4f07-b5ef-d87060d2483d', '2025-09-15', '2025-10-04', 2),
  ('Keebler LLC proposal', '1f314685-7768-462d-b1c2-2622eb224d08', '2025-09-30', '2025-09-19', 2),
  ('Rippin, Cummings and Cormier proposal', 'f2f9b9ce-9297-4422-a8ed-7f91ddb01e80', '2025-09-13', '2025-09-27', 2),
  ('Skiles, Wilderman and Torp proposal', '693ce3f4-2f87-4cf7-8671-083f108505fd', '2025-09-18', '2025-10-08', 1);

-- Insert mock data for Issue
INSERT INTO "public"."Issue" ("display_name", "status", "created_user", "work_package", "location") VALUES
  ('Severe broken asphalt on Emard Greens', '4', '2b10855e-cc9d-4f07-b5ef-d87060d2483d', 1, 'SRID=4326;POINT(-83.663422 43.075304)'),
  ('Medium road damage on Russel Spur', '4', '95570744-f486-4ab1-907a-0608b74ef59b', 1, 'SRID=4326;POINT(-83.728559 43.045677)'),
  ('Small pothole on Greenway', '7', '755b0898-c614-4dee-b8f2-93f1cf070a72', 2, 'SRID=4326;POINT(-83.717097 43.015248)'),
  ('Severe road damage on Casper Curve', '4', '7abfa070-5585-4779-ac2c-6f153d21703a', 2, 'SRID=4326;POINT(-83.719175 43.042718)'),
  ('Medium pothole on Candido Garden', '7', '693ce3f4-2f87-4cf7-8671-083f108505fd', 2, 'SRID=4326;POINT(-83.697819 43.014067)'),
  ('Medium crack on Collier Glen', '4', 'f2f9b9ce-9297-4422-a8ed-7f91ddb01e80', NULL, 'SRID=4326;POINT(-83.703657 43.087311)'),
  ('Severe crack on Wren Close', '7', '693ce3f4-2f87-4cf7-8671-083f108505fd', 2, 'SRID=4326;POINT(-83.661833 43.045491)'),
  ('Severe pavement damage on Witting Dale', '7', '465f116a-6d76-40d7-bcc7-0df0c0da3e04', NULL, 'SRID=4326;POINT(-83.67982 43.025674)'),
  ('Severe pothole on Rectory Close', '5', '7b84472c-84ec-436e-b67e-d7f59ed81648', 2, 'SRID=4326;POINT(-83.704765 43.060412)'),
  ('Small crack on Langosh Roads', '6', '755b0898-c614-4dee-b8f2-93f1cf070a72', 1, 'SRID=4326;POINT(-83.68742 43.023981)'),
  ('Severe crack on Barry Land', '3', '693ce3f4-2f87-4cf7-8671-083f108505fd', 2, 'SRID=4326;POINT(-83.653058 43.019616)'),
  ('Medium pothole on Ledner Spring', '6', 'be1b3320-a4b2-4e02-8dcb-1774213bda85', 2, 'SRID=4326;POINT(-83.665662 43.051701)'),
  ('Severe pothole on Canal Street', '7', '5c52fe52-5a75-4178-86d3-2c00862bc319', NULL, 'SRID=4326;POINT(-83.670656 43.025177)'),
  ('Medium pavement damage on Savannah Passage', '5', 'be1b3320-a4b2-4e02-8dcb-1774213bda85', NULL, 'SRID=4326;POINT(-83.713792 43.055326)'),
  ('Severe broken asphalt on Bayer Loaf', '5', 'f2f9b9ce-9297-4422-a8ed-7f91ddb01e80', 2, 'SRID=4326;POINT(-83.698506 43.044378)'),
  ('Small pavement damage on Ali Crossroad', '6', '7b84472c-84ec-436e-b67e-d7f59ed81648', 2, 'SRID=4326;POINT(-83.762555 42.986916)'),
  ('Medium pothole on Cristopher Rapid', '1', '693ce3f4-2f87-4cf7-8671-083f108505fd', NULL, 'SRID=4326;POINT(-83.692641 43.013823)'),
  ('Small pavement damage on Fermin Haven', '7', '465f116a-6d76-40d7-bcc7-0df0c0da3e04', 1, 'SRID=4326;POINT(-83.732206 42.994305)'),
  ('Severe pavement damage on Leannon Ford', '5', '755b0898-c614-4dee-b8f2-93f1cf070a72', NULL, 'SRID=4326;POINT(-83.754183 42.99949)'),
  ('Severe road damage on Jalon Club', '3', '7b84472c-84ec-436e-b67e-d7f59ed81648', NULL, 'SRID=4326;POINT(-83.713817 43.003216)'),
  ('Medium road damage on Schuppe Ville', '2', '7b84472c-84ec-436e-b67e-d7f59ed81648', 2, 'SRID=4326;POINT(-83.762787 43.053162)'),
  ('Large road damage on Monty Terrace', '2', 'fc58625e-8247-48da-bc01-33bbbfc9f780', 2, 'SRID=4326;POINT(-83.707219 43.038893)'),
  ('Medium pavement damage on Murazik Forge', '6', '5c52fe52-5a75-4178-86d3-2c00862bc319', 1, 'SRID=4326;POINT(-83.678612 43.035129)'),
  ('Medium broken asphalt on W Monroe Street', '8', '755b0898-c614-4dee-b8f2-93f1cf070a72', 1, 'SRID=4326;POINT(-83.760988 43.087469)'),
  ('Small broken asphalt on W Central Avenue', '3', '329c3fd1-14fc-499c-85cf-0b55a4ce4959', 1, 'SRID=4326;POINT(-83.705559 42.982353)');

-- Insert mock data for WorkDetail
INSERT INTO "public"."WorkDetail" ("display_name", "issue", "added_by") VALUES
  ('Reviewed surface condition and preparation needs', 12, '329c3fd1-14fc-499c-85cf-0b55a4ce4959'),
  ('Assessed surface condition and preparation needs', 2, '63e1c021-14b8-4dfa-bfaa-0a9d6c2b9a2c'),
  ('Inspected structural integrity and safety concerns', 7, '7b84472c-84ec-436e-b67e-d7f59ed81648'),
  ('Inspected surface condition and preparation needs', 10, '20110fd5-0afb-49eb-8a94-acdc36d7b5cf'),
  ('Inspected repair area and estimated labor hours', 1, 'f2f9b9ce-9297-4422-a8ed-7f91ddb01e80'),
  ('Assessed repair area and estimated labor hours', 16, '755b0898-c614-4dee-b8f2-93f1cf070a72'),
  ('Inspected structural integrity and safety concerns', 2, '7abfa070-5585-4779-ac2c-6f153d21703a'),
  ('Inspected damage extent and recommended materials', 10, '20110fd5-0afb-49eb-8a94-acdc36d7b5cf'),
  ('Assessed repair area and estimated labor hours', 22, 'fc58625e-8247-48da-bc01-33bbbfc9f780'),
  ('Reviewed surface condition and preparation needs', 13, 'be1b3320-a4b2-4e02-8dcb-1774213bda85'),
  ('Documented material requirements and cost estimate', 7, 'fc58625e-8247-48da-bc01-33bbbfc9f780'),
  ('Inspected structural integrity and safety concerns', 1, '95570744-f486-4ab1-907a-0608b74ef59b'),
  ('Measured material requirements and cost estimate', 10, 'be1b3320-a4b2-4e02-8dcb-1774213bda85'),
  ('Inspected structural integrity and safety concerns', 7, 'be1b3320-a4b2-4e02-8dcb-1774213bda85'),
  ('Documented repair area and estimated labor hours', 1, 'f2f9b9ce-9297-4422-a8ed-7f91ddb01e80'),
  ('Reviewed repair area and estimated labor hours', 8, '7b84472c-84ec-436e-b67e-d7f59ed81648'),
  ('Reviewed surface condition and preparation needs', 12, 'f2f9b9ce-9297-4422-a8ed-7f91ddb01e80'),
  ('Measured repair area and estimated labor hours', 15, '20110fd5-0afb-49eb-8a94-acdc36d7b5cf'),
  ('Documented structural integrity and safety concerns', 14, '2b10855e-cc9d-4f07-b5ef-d87060d2483d'),
  ('Measured structural integrity and safety concerns', 2, '95570744-f486-4ab1-907a-0608b74ef59b'),
  ('Inspected surface condition and preparation needs', 4, '1f314685-7768-462d-b1c2-2622eb224d08'),
  ('Measured surface condition and preparation needs', 14, '63e1c021-14b8-4dfa-bfaa-0a9d6c2b9a2c'),
  ('Documented damage extent and recommended materials', 24, '95570744-f486-4ab1-907a-0608b74ef59b'),
  ('Inspected damage extent and recommended materials', 12, '693ce3f4-2f87-4cf7-8671-083f108505fd'),
  ('Inspected surface condition and preparation needs', 21, '7b84472c-84ec-436e-b67e-d7f59ed81648'),
  ('Measured damage extent and recommended materials', 2, '329c3fd1-14fc-499c-85cf-0b55a4ce4959'),
  ('Measured repair area and estimated labor hours', 13, '693ce3f4-2f87-4cf7-8671-083f108505fd'),
  ('Documented damage extent and recommended materials', 21, '465f116a-6d76-40d7-bcc7-0df0c0da3e04'),
  ('Documented repair area and estimated labor hours', 8, '63e1c021-14b8-4dfa-bfaa-0a9d6c2b9a2c'),
  ('Inspected material requirements and cost estimate', 6, '7abfa070-5585-4779-ac2c-6f153d21703a'),
  ('Documented material requirements and cost estimate', 18, '7abfa070-5585-4779-ac2c-6f153d21703a'),
  ('Measured structural integrity and safety concerns', 9, '2b10855e-cc9d-4f07-b5ef-d87060d2483d'),
  ('Measured structural integrity and safety concerns', 20, '5c52fe52-5a75-4178-86d3-2c00862bc319'),
  ('Reviewed structural integrity and safety concerns', 7, 'f2f9b9ce-9297-4422-a8ed-7f91ddb01e80'),
  ('Assessed surface condition and preparation needs', 2, '693ce3f4-2f87-4cf7-8671-083f108505fd'),
  ('Inspected material requirements and cost estimate', 17, 'f2f9b9ce-9297-4422-a8ed-7f91ddb01e80'),
  ('Inspected structural integrity and safety concerns', 2, '755b0898-c614-4dee-b8f2-93f1cf070a72'),
  ('Documented repair area and estimated labor hours', 2, '693ce3f4-2f87-4cf7-8671-083f108505fd'),
  ('Documented surface condition and preparation needs', 17, '7b84472c-84ec-436e-b67e-d7f59ed81648'),
  ('Measured structural integrity and safety concerns', 9, '5c52fe52-5a75-4178-86d3-2c00862bc319'),
  ('Reviewed damage extent and recommended materials', 7, 'f2f9b9ce-9297-4422-a8ed-7f91ddb01e80'),
  ('Documented surface condition and preparation needs', 3, '1f314685-7768-462d-b1c2-2622eb224d08'),
  ('Measured material requirements and cost estimate', 18, '7abfa070-5585-4779-ac2c-6f153d21703a'),
  ('Measured surface condition and preparation needs', 13, '63e1c021-14b8-4dfa-bfaa-0a9d6c2b9a2c'),
  ('Measured surface condition and preparation needs', 19, '2b10855e-cc9d-4f07-b5ef-d87060d2483d'),
  ('Reviewed structural integrity and safety concerns', 2, '63e1c021-14b8-4dfa-bfaa-0a9d6c2b9a2c'),
  ('Measured material requirements and cost estimate', 18, 'fc58625e-8247-48da-bc01-33bbbfc9f780'),
  ('Assessed damage extent and recommended materials', 13, 'f2f9b9ce-9297-4422-a8ed-7f91ddb01e80'),
  ('Reviewed structural integrity and safety concerns', 21, 'f2f9b9ce-9297-4422-a8ed-7f91ddb01e80'),
  ('Assessed material requirements and cost estimate', 4, '95570744-f486-4ab1-907a-0608b74ef59b');

-- Notify PostgREST to reload schema cache
NOTIFY pgrst, 'reload schema';
